address,price,area_sqm,date,url,project
25,25,,,https://www.propertyguru.com.sg/listing/for-sale-dover-parkview-60230357#media-images,25
1,1,,,https://www.propertyguru.com.sg/listing/for-sale-dover-parkview-60230357#media-floorPlans,1
1,1,,,https://www.propertyguru.com.sg/listing/for-sale-dover-parkview-60230357#media-videos,1
"Fully renovated, mid floor unblocked view. Priced to sell!! S$ 2,100,000 S$ 1,681.35 psf Dover Parkview 32 Dover Rise 3 2 1,249 sqft Condominium 99-year Leasehold Built: 1997 11 min (880 m) from EW22 Dover MRT Station Listed on Feb 17, 2026 (4d ago)",2100000,,,https://www.propertyguru.com.sg/listing/for-sale-dover-parkview-60230357,"Fully renovated, mid floor unblocked view. Priced to sell!! S$ 2,100,000 S$ 1,681.35 psf Dover Parkview 32 Dover Rise 3 2 1,249 sqft Condominium 99-year Leasehold Built: 1997 11 min (880 m) from EW22 Dover MRT Station Listed on Feb 17, 2026 (4d ago)"
10,10,,,https://www.propertyguru.com.sg/listing/for-sale-the-rochester-residences-22977043#media-images,10
1,1,,,https://www.propertyguru.com.sg/listing/for-sale-the-rochester-residences-22977043#media-floorPlans,1
2,2,,,https://www.propertyguru.com.sg/listing/for-sale-the-rochester-residences-22977043#media-videos,2
2,2,,,https://www.propertyguru.com.sg/listing/for-sale-the-rochester-residences-22977043#media-virtualTours,2
"The Rochester 1 Bedroom for Sale S$ 1,380,000 S$ 1,602.79 psf The Rochester Residences 33 Rochester Drive 1 1 861 sqft Apartment 99-year Leasehold Built: 2011 6 min (510 m) from EW21 Buona Vista MRT Station Listed on Feb 21, 2026 (2h ago)",1,,,https://www.propertyguru.com.sg/listing/for-sale-the-rochester-residences-22977043,"The Rochester 1 Bedroom for Sale S$ 1,380,000 S$ 1,602.79 psf The Rochester Residences 33 Rochester Drive 1 1 861 sqft Apartment 99-year Leasehold Built: 2011 6 min (510 m) from EW21 Buona Vista MRT Station Listed on Feb 21, 2026 (2h ago)"
20,20,,,https://www.propertyguru.com.sg/listing/for-sale-one-north-residences-25491353#media-images,20
2,2,,,https://www.propertyguru.com.sg/listing/for-sale-one-north-residences-25491353#media-floorPlans,2
"S$ 1,280,000 S$ 1,213.27 psf One-North Residences 7 One-North Gateway 1 1 1,055 sqft Apartment 99-year Leasehold Built: 2009 7 min (620 m) from CC23 One-North MRT Station Listed on Feb 20, 2026 (13h ago)",1280000,,,https://www.propertyguru.com.sg/listing/for-sale-one-north-residences-25491353,"S$ 1,280,000 S$ 1,213.27 psf One-North Residences 7 One-North Gateway 1 1 1,055 sqft Apartment 99-year Leasehold Built: 2009 7 min (620 m) from CC23 One-North MRT Station Listed on Feb 20, 2026 (13h ago)"
23,23,,,https://www.propertyguru.com.sg/listing/for-sale-dover-parkview-60225401#media-images,23
1,1,,,https://www.propertyguru.com.sg/listing/for-sale-dover-parkview-60225401#media-floorPlans,1
"Very Cheap, High Yield, 2 Bedder Near MRT, School, Mall & Market S$ 1,424,000 S$ 1,469.56 psf Dover Parkview 30 Dover Rise 2 2 969 sqft Condominium 99-year Leasehold Built: 1997 11 min (880 m) from EW22 Dover MRT Station Listed on Feb 20, 2026 (23h ago)",2,,,https://www.propertyguru.com.sg/listing/for-sale-dover-parkview-60225401,"Very Cheap, High Yield, 2 Bedder Near MRT, School, Mall & Market S$ 1,424,000 S$ 1,469.56 psf Dover Parkview 30 Dover Rise 2 2 969 sqft Condominium 99-year Leasehold Built: 1997 11 min (880 m) from EW22 Dover MRT Station Listed on Feb 20, 2026 (23h ago)"
18,18,,,https://www.propertyguru.com.sg/listing/for-sale-dover-parkview-60197004#media-images,18
"S$ 1,350,000 S$ 1,393.19 psf Dover Parkview 34 Dover Rise 2 2 969 sqft Condominium 99-year Leasehold Built: 1997 11 min (880 m) from EW22 Dover MRT Station Listed on Feb 20, 2026 (23h ago)",1350000,,,https://www.propertyguru.com.sg/listing/for-sale-dover-parkview-60197004,"S$ 1,350,000 S$ 1,393.19 psf Dover Parkview 34 Dover Rise 2 2 969 sqft Condominium 99-year Leasehold Built: 1997 11 min (880 m) from EW22 Dover MRT Station Listed on Feb 20, 2026 (23h ago)"
10,10,,,https://www.propertyguru.com.sg/listing/for-sale-the-rochester-residences-60105899#media-images,10
"Cheap! Good Layout! S$ 1,430,000 S$ 1,660.86 psf The Rochester Residences 33 Rochester Drive 1 1 861 sqft Apartment 99-year Leasehold Built: 2011 6 min (510 m) from EW21 Buona Vista MRT Station Listed on Feb 20, 2026 (1d ago)",1430000,,,https://www.propertyguru.com.sg/listing/for-sale-the-rochester-residences-60105899,"Cheap! Good Layout! S$ 1,430,000 S$ 1,660.86 psf The Rochester Residences 33 Rochester Drive 1 1 861 sqft Apartment 99-year Leasehold Built: 2011 6 min (510 m) from EW21 Buona Vista MRT Station Listed on Feb 20, 2026 (1d ago)"
11,11,,,https://www.propertyguru.com.sg/listing/for-sale-the-rochester-residences-60087419#media-images,11
"Cheap! Spacious 1bed loft! S$ 1,479,000 S$ 1,445.75 psf The Rochester Residences 33 Rochester Drive 1 2 1,023 sqft Apartment 99-year Leasehold Built: 2011 6 min (510 m) from EW21 Buona Vista MRT Station Listed on Feb 20, 2026 (1d ago)",1,,,https://www.propertyguru.com.sg/listing/for-sale-the-rochester-residences-60087419,"Cheap! Spacious 1bed loft! S$ 1,479,000 S$ 1,445.75 psf The Rochester Residences 33 Rochester Drive 1 2 1,023 sqft Apartment 99-year Leasehold Built: 2011 6 min (510 m) from EW21 Buona Vista MRT Station Listed on Feb 20, 2026 (1d ago)"
14,14,,,https://www.propertyguru.com.sg/listing/for-sale-blossoms-by-the-park-500042558#media-images,14
1,1,,,https://www.propertyguru.com.sg/listing/for-sale-blossoms-by-the-park-500042558#media-floorPlans,1
"Genuine sub sale in a near sold out development! Huge growth potential S$ 1,888,000 S$ 2,618.59 psf Blossoms By The Park 9 Slim Barracks Rise 2 2 721 sqft Condominium 99-year Leasehold New Project: 2026 5 min (430 m) from EW21 Buona Vista MRT Station Listed on Feb 19, 2026 (1d ago)",1888000,,,https://www.propertyguru.com.sg/listing/for-sale-blossoms-by-the-park-500042558,"Genuine sub sale in a near sold out development! Huge growth potential S$ 1,888,000 S$ 2,618.59 psf Blossoms By The Park 9 Slim Barracks Rise 2 2 721 sqft Condominium 99-year Leasehold New Project: 2026 5 min (430 m) from EW21 Buona Vista MRT Station Listed on Feb 19, 2026 (1d ago)"
14,14,,,https://www.propertyguru.com.sg/listing/for-sale-dover-parkview-500018079#media-images,14
"High-floor corner unit w full livable space no balcony S$ 1,400,000 S$ 1,495.73 psf Dover Parkview 30 Dover Rise 2 2 936 sqft Condominium 99-year Leasehold Built: 1997 11 min (880 m) from EW22 Dover MRT Station Listed on Feb 17, 2026 (4d ago)",1400000,,,https://www.propertyguru.com.sg/listing/for-sale-dover-parkview-500018079,"High-floor corner unit w full livable space no balcony S$ 1,400,000 S$ 1,495.73 psf Dover Parkview 30 Dover Rise 2 2 936 sqft Condominium 99-year Leasehold Built: 1997 11 min (880 m) from EW22 Dover MRT Station Listed on Feb 17, 2026 (4d ago)"
16,16,,,https://www.propertyguru.com.sg/listing/for-sale-one-north-residences-25420696#media-images,16
"Unblocked greenery view loft unit for sale! Walk to MRT! S$ 1,450,000 S$ 1,308.66 psf One-North Residences 9 One-North Gateway 1 1 1,108 sqft Apartment 99-year Leasehold Built: 2009 7 min (620 m) from CC23 One-North MRT Station Listed on Feb 16, 2026 (4d ago)",1450000,,,https://www.propertyguru.com.sg/listing/for-sale-one-north-residences-25420696,"Unblocked greenery view loft unit for sale! Walk to MRT! S$ 1,450,000 S$ 1,308.66 psf One-North Residences 9 One-North Gateway 1 1 1,108 sqft Apartment 99-year Leasehold Built: 2009 7 min (620 m) from CC23 One-North MRT Station Listed on Feb 16, 2026 (4d ago)"
16,16,,,https://www.propertyguru.com.sg/listing/for-sale-one-north-residences-23476202#media-images,16
1,1,,,https://www.propertyguru.com.sg/listing/for-sale-one-north-residences-23476202#media-floorPlans,1
"High floor pool view! Good rental investment! S$ 930,000 S$ 1,570.95 psf One-North Residences 7 One-North Gateway Studio 1 592 sqft Apartment 99-year Leasehold Built: 2009 7 min (620 m) from CC23 One-North MRT Station Listed on Feb 21, 2026 (2h ago)",930000,,,https://www.propertyguru.com.sg/listing/for-sale-one-north-residences-23476202,"High floor pool view! Good rental investment! S$ 930,000 S$ 1,570.95 psf One-North Residences 7 One-North Gateway Studio 1 592 sqft Apartment 99-year Leasehold Built: 2009 7 min (620 m) from CC23 One-North MRT Station Listed on Feb 21, 2026 (2h ago)"
18,18,,,https://www.propertyguru.com.sg/listing/for-sale-the-rochester-residences-500033737#media-images,18
"Stunning loft unit at 33 Rochester Drive S$ 1,638,000 S$ 1,601.17 psf The Rochester Residences 33 Rochester Drive 1 2 1,023 sqft Apartment 99-year Leasehold Built: 2011 6 min (510 m) from EW21 Buona Vista MRT Station Listed on Feb 21, 2026 (3h ago)",33,,,https://www.propertyguru.com.sg/listing/for-sale-the-rochester-residences-500033737,"Stunning loft unit at 33 Rochester Drive S$ 1,638,000 S$ 1,601.17 psf The Rochester Residences 33 Rochester Drive 1 2 1,023 sqft Apartment 99-year Leasehold Built: 2011 6 min (510 m) from EW21 Buona Vista MRT Station Listed on Feb 21, 2026 (3h ago)"
28,28,,,https://www.propertyguru.com.sg/listing/for-sale-heritage-view-60183214#media-images,28
"Stunning 2 Bedroom Condominium for Sale facing the pool S$ 1,550,000 S$ 1,599.59 psf Heritage View 8 Dover Rise 2 2 969 sqft Condominium 99-year Leasehold Built: 2000 10 min (870 m) from CC23 One-North MRT Station Listed on Feb 21, 2026 (3h ago)",2,,,https://www.propertyguru.com.sg/listing/for-sale-heritage-view-60183214,"Stunning 2 Bedroom Condominium for Sale facing the pool S$ 1,550,000 S$ 1,599.59 psf Heritage View 8 Dover Rise 2 2 969 sqft Condominium 99-year Leasehold Built: 2000 10 min (870 m) from CC23 One-North MRT Station Listed on Feb 21, 2026 (3h ago)"
19,19,,,https://www.propertyguru.com.sg/listing/for-sale-dover-parkview-25577609#media-images,19
3,3,,,https://www.propertyguru.com.sg/listing/for-sale-dover-parkview-25577609#media-videos,3
"Stunning Renovated 2 Bed Rooms High floor With unblocked View S$ 1,445,000 S$ 1,491.23 psf Dover Parkview 34 Dover Rise 2 2 969 sqft Condominium 99-year Leasehold Built: 1997 11 min (880 m) from EW22 Dover MRT Station Listed on Feb 20, 2026 (17h ago)",2,,,https://www.propertyguru.com.sg/listing/for-sale-dover-parkview-25577609,"Stunning Renovated 2 Bed Rooms High floor With unblocked View S$ 1,445,000 S$ 1,491.23 psf Dover Parkview 34 Dover Rise 2 2 969 sqft Condominium 99-year Leasehold Built: 1997 11 min (880 m) from EW22 Dover MRT Station Listed on Feb 20, 2026 (17h ago)"
25,25,,,https://www.propertyguru.com.sg/listing/for-sale-heritage-view-24191372#media-images,25
1,1,,,https://www.propertyguru.com.sg/listing/for-sale-heritage-view-24191372#media-floorPlans,1
"Very Well Maintained Unit S$ 1,620,000 S$ 1,671.83 psf Heritage View 8 Dover Rise 2 2 969 sqft Condominium 99-year Leasehold Built: 2000 10 min (870 m) from CC23 One-North MRT Station Listed on Feb 20, 2026 (1d ago)",1620000,,,https://www.propertyguru.com.sg/listing/for-sale-heritage-view-24191372,"Very Well Maintained Unit S$ 1,620,000 S$ 1,671.83 psf Heritage View 8 Dover Rise 2 2 969 sqft Condominium 99-year Leasehold Built: 2000 10 min (870 m) from CC23 One-North MRT Station Listed on Feb 20, 2026 (1d ago)"
18,18,,,https://www.propertyguru.com.sg/listing/for-sale-the-rochester-residences-23948346#media-images,18
1,1,,,https://www.propertyguru.com.sg/listing/for-sale-the-rochester-residences-23948346#media-floorPlans,1
1,1,,,https://www.propertyguru.com.sg/listing/for-sale-the-rochester-residences-23948346#media-videos,1
"Very Cheap! City Living, Resort life style! Buona Vista MRT Station! S$ 1,300,000 S$ 1,547.62 psf The Rochester Residences 33 Rochester Drive 1 1 840 sqft Apartment 99-year Leasehold Built: 2011 6 min (510 m) from EW21 Buona Vista MRT Station Listed on Feb 20, 2026 (1d ago)",1300000,,,https://www.propertyguru.com.sg/listing/for-sale-the-rochester-residences-23948346,"Very Cheap! City Living, Resort life style! Buona Vista MRT Station! S$ 1,300,000 S$ 1,547.62 psf The Rochester Residences 33 Rochester Drive 1 1 840 sqft Apartment 99-year Leasehold Built: 2011 6 min (510 m) from EW21 Buona Vista MRT Station Listed on Feb 20, 2026 (1d ago)"
18,18,,,https://www.propertyguru.com.sg/listing/for-sale-one-north-eden-25107360#media-images,18
1,1,,,https://www.propertyguru.com.sg/listing/for-sale-one-north-eden-25107360#media-floorPlans,1
"Call to enquire Now! S$ 1,928,000 S$ 2,452.93 psf One-North Eden 8 Slim Barracks Rise 2 2 786 sqft Condominium 99-year Leasehold Built: 2024 7 min (550 m) from CC23 One-North MRT Station Listed on Feb 20, 2026 (1d ago)",1928000,,,https://www.propertyguru.com.sg/listing/for-sale-one-north-eden-25107360,"Call to enquire Now! S$ 1,928,000 S$ 2,452.93 psf One-North Eden 8 Slim Barracks Rise 2 2 786 sqft Condominium 99-year Leasehold Built: 2024 7 min (550 m) from CC23 One-North MRT Station Listed on Feb 20, 2026 (1d ago)"
33,33,,,https://www.propertyguru.com.sg/listing/for-sale-heritage-view-500038589#media-images,33
1,1,,,https://www.propertyguru.com.sg/listing/for-sale-heritage-view-500038589#media-floorPlans,1
"1195 sqft, No Extension, Serious Seller S$ 1,999,000 S$ 1,672.80 psf Heritage View 10 Dover Rise 3 3 1,195 sqft Condominium 99-year Leasehold Built: 2000 10 min (870 m) from CC23 One-North MRT Station Listed on Feb 20, 2026 (1d ago)",1195,,,https://www.propertyguru.com.sg/listing/for-sale-heritage-view-500038589,"1195 sqft, No Extension, Serious Seller S$ 1,999,000 S$ 1,672.80 psf Heritage View 10 Dover Rise 3 3 1,195 sqft Condominium 99-year Leasehold Built: 2000 10 min (870 m) from CC23 One-North MRT Station Listed on Feb 20, 2026 (1d ago)"
29,29,,,https://www.propertyguru.com.sg/listing/for-sale-heritage-view-500030549#media-images,29
1,1,,,https://www.propertyguru.com.sg/listing/for-sale-heritage-view-500030549#media-floorPlans,1
1,1,,,https://www.propertyguru.com.sg/listing/for-sale-heritage-view-500030549#media-videos,1
"High floor good view airy S$ 1,750,000 S$ 1,807.85 psf Heritage View 10 Dover Rise 2 2 968 sqft Condominium 99-year Leasehold Built: 2000 10 min (870 m) from CC23 One-North MRT Station Listed on Feb 19, 2026 (1d ago)",1750000,,,https://www.propertyguru.com.sg/listing/for-sale-heritage-view-500030549,"High floor good view airy S$ 1,750,000 S$ 1,807.85 psf Heritage View 10 Dover Rise 2 2 968 sqft Condominium 99-year Leasehold Built: 2000 10 min (870 m) from CC23 One-North MRT Station Listed on Feb 19, 2026 (1d ago)"
12,12,,,https://www.propertyguru.com.sg/listing/for-sale-dover-parkview-60048287#media-images,12
1,1,,,https://www.propertyguru.com.sg/listing/for-sale-dover-parkview-60048287#media-floorPlans,1
"Nicely Renovated S$ 1,380,000 S$ 1,474.36 psf Dover Parkview 30 Dover Rise 2 2 936 sqft Condominium 99-year Leasehold Built: 1997 11 min (880 m) from EW22 Dover MRT Station Listed on Feb 19, 2026 (1d ago)",1380000,,,https://www.propertyguru.com.sg/listing/for-sale-dover-parkview-60048287,"Nicely Renovated S$ 1,380,000 S$ 1,474.36 psf Dover Parkview 30 Dover Rise 2 2 936 sqft Condominium 99-year Leasehold Built: 1997 11 min (880 m) from EW22 Dover MRT Station Listed on Feb 19, 2026 (1d ago)"
