rank,short_name,official_name,score_range,top10_avg_al,students,total_in_cohort,percentage,source
1,Raffles Girls’,Raffles Girls’,4,4.0,33,270,12.2%,https://sgschooling.com/blog/psle-2025-score-ranges-community-data
2,Catholic High,Catholic High,4–9,4.5,125,240,52.1%,https://sgschooling.com/blog/psle-2025-score-ranges-community-data
3,Tao Nan,Tao Nan,4–8,4.5,143,360,39.7%,https://sgschooling.com/blog/psle-2025-score-ranges-community-data
4,Nan Hua,Nan Hua,4–10,4.5,133,240,55.4%,https://sgschooling.com/blog/psle-2025-score-ranges-community-data
5,Henry Park,Henry Park,4–10,4.6,144,300,48.0%,https://sgschooling.com/blog/psle-2025-score-ranges-community-data
6,Pei Hwa Presbyterian,Pei Hwa Presbyterian,4–6,4.8,27,224,12.1%,https://sgschooling.com/blog/psle-2025-score-ranges-community-data
7,St. Hilda’s,St. Hilda’s,4–6,4.8,35,270,13.0%,https://sgschooling.com/blog/psle-2025-score-ranges-community-data
8,Maris Stella High,Maris Stella High,4–10,4.9,88,270,32.6%,https://sgschooling.com/blog/psle-2025-score-ranges-community-data
9,Alexandra,Alexandra,4–10,5.1,60,210,28.6%,https://sgschooling.com/blog/psle-2025-score-ranges-community-data
10,Rulang,Rulang,4–10,5.1,76,270,28.1%,https://sgschooling.com/blog/psle-2025-score-ranges-community-data
11,Mee Toh,Mee Toh,4–9,5.2,66,320,20.6%,https://sgschooling.com/blog/psle-2025-score-ranges-community-data
12,Pei Chun Public,Pei Chun Public,4–10,5.2,73,300,24.3%,https://sgschooling.com/blog/psle-2025-score-ranges-community-data
13,Yew Tee,Yew Tee,4–10,5.3,42,180,23.3%,https://sgschooling.com/blog/psle-2025-score-ranges-community-data
14,Qifa,Qifa,4–8,5.3,36,240,15.0%,https://sgschooling.com/blog/psle-2025-score-ranges-community-data
15,Yu Neng,Yu Neng,4–8,5.3,27,180,15.0%,https://sgschooling.com/blog/psle-2025-score-ranges-community-data
16,Changkat,Changkat,4–8,5.4,21,150,14.0%,https://sgschooling.com/blog/psle-2025-score-ranges-community-data
17,Maha Bodhi,Maha Bodhi,4–9,5.6,51,330,15.5%,https://sgschooling.com/blog/psle-2025-score-ranges-community-data
18,Canberra,Canberra,4–9,5.6,33,210,15.7%,https://sgschooling.com/blog/psle-2025-score-ranges-community-data
19,Bukit Panjang,Bukit Panjang,4–9,5.7,36,240,15.0%,https://sgschooling.com/blog/psle-2025-score-ranges-community-data
20,Teck Ghee,Teck Ghee,4–10,5.7,31,180,17.2%,https://sgschooling.com/blog/psle-2025-score-ranges-community-data
21,St. Anthony’s Canossian,St. Anthony’s Canossian,4–9,5.7,30,210,14.3%,https://sgschooling.com/blog/psle-2025-score-ranges-community-data
22,Princess Elizabeth,Princess Elizabeth,4–10,5.9,32,200,16.0%,https://sgschooling.com/blog/psle-2025-score-ranges-community-data
23,Pasir Ris,Pasir Ris,4–10,6.2,25,180,13.9%,https://sgschooling.com/blog/psle-2025-score-ranges-community-data
24,White Sands,White Sands,4–10,6.3,24,180,13.3%,https://sgschooling.com/blog/psle-2025-score-ranges-community-data
25,Pioneer,Pioneer,4–10,6.5,22,180,12.2%,https://sgschooling.com/blog/psle-2025-score-ranges-community-data
26,Xinmin,Xinmin,4–10,7.0,21,210,10.0%,https://sgschooling.com/blog/psle-2025-score-ranges-community-data
27,Bendemeer,Bendemeer,4–10,7.0,18,180,10.0%,https://sgschooling.com/blog/psle-2025-score-ranges-community-data
28,Xishan,Xishan,4–10,,10,240,4.2%,https://sgschooling.com/blog/psle-2025-score-ranges-community-data
29,Horizon,Horizon,4–8,,27,280,9.6%,https://sgschooling.com/blog/psle-2025-score-ranges-community-data
30,Clementi,Clementi,4–6,,20,240,8.3%,https://sgschooling.com/blog/psle-2025-score-ranges-community-data
31,Pei Hwa Presbyterian,Pei Hwa Presbyterian,7–9,,43,224,19.2%,https://sgschooling.com/blog/psle-2025-score-ranges-community-data
